datetime,open,high,low,close,volume
2026-07-06T00:00:00+00:00,29204.36,29809.260000000002,29204.36,29746.18,4576728
2026-07-09T00:00:00+00:00,29746.18,30022.440000000002,29492.960000000003,30004.240000000005,4618076
2026-07-12T00:00:00+00:00,29138.79,29894.91,29132.800000000003,29541.230000000003,8202685
2026-07-15T00:00:00+00:00,29541.230000000003,29633.280000000002,27847.08,28205.5,12568478
2026-07-18T00:00:00+00:00,28610.36,29220,28557.550000000003,29146.550000000003,4868419
2026-07-21T00:00:00+00:00,29146.550000000003,29197.93,28075.81,28168.24,12010178
2026-07-24T00:00:00+00:00,28168.24,28635.38,27645.370000000003,28082.95,6707857
2026-07-27T00:00:00+00:00,28082.95,28291.640000000003,27082.27,28222.390000000003,15519042
2026-07-30T00:00:00+00:00,28222.390000000003,28611.960000000003,27965.84,28451.31,4381133
2026-08-02T00:00:00+00:00,28267.390000000003,29966.81,28207.670000000002,29485.86,7608141
2026-08-05T00:00:00+00:00,29485.86,29767.13,29138.46,29631.41,5457056
2026-08-08T00:00:00+00:00,29714.710000000003,29889.56,29442.600000000002,29556.02,4064207
2026-08-11T00:00:00+00:00,29556.02,30197.72,29536.98,30056.79,5104895
2026-08-14T00:00:00+00:00,30056.79,30262.95,29978.45,30002.9,1424480
2026-08-17T00:00:00+00:00,30002.9,30047.28,29132.89,29247.57,7312475
2026-08-20T00:00:00+00:00,29247.57,29468.81,29150.46,29315.14,1916448
2026-08-23T00:00:00+00:00,29315.14,29418.3,28885.5,29231.74,4761317
2026-08-26T00:00:00+00:00,29231.74,29456.45,29064.98,29135.280000000002,2825479
2026-08-29T00:00:00+00:00,29455.72,29530.36,28961.76,29097.56,4059351
2026-09-01T00:00:00+00:00,29097.56,29132.800000000003,29010.920000000002,29038.920000000002,196158
